{
    "meta": {
        "timestamp": 1772708433.5655131,
        "simulation_count": 10000,
        "evidence_items": 68,
        "constants": {
            "PHI": 1.618033988749895,
            "BARYONIC_DELTA": 0.049
        }
    },
    "group_a_random": {
        "description": "Null Hypothesis (Random Noise)",
        "stats": {
            "phi_deviation_mean": 10.33312530405771,
            "phi_deviation_std": 75.18351310672057,
            "cluster_distance_mean": 0.21929939148073022
        },
        "test_against_reality": {
            "z_score": -0.13678697468499146,
            "sigma": 0.13678697468499146,
            "p_value": 0.8911991795585781,
            "probability": "1 in 1"
        }
    },
    "group_b_atlas": {
        "description": "CORE Hypothesis (Zero-State/Phi Growth)",
        "stats": {
            "phi_deviation_mean": 0.001938122190253904,
            "phi_deviation_std": 0.0014571157783484416,
            "cluster_distance_mean": 0.19349678350110625
        },
        "test_against_reality": {
            "z_score": 32.297967333171066,
            "sigma": 32.297967333171066,
            "p_value": 7.469943070419932e-229,
            "conclusion": "Deviation detected"
        }
    },
    "conclusion": {
        "winner": "Group A (Random)",
        "statement": "The observed reality structure is statistically impossible in a random universe."
    }
}